label,bin_time_s,naive_time_s,naive_cv_pct,naive_stable,naive_mem_kb,naive_D,naive_R2,opt_time_s,opt_total_time_s,opt_cv_pct,opt_stable,opt_mem_kb,opt_D,opt_R2,threshold_sensitivity,method,naive_lacunarity,opt_lacunarity
benign,0.0058097300000099494,0.15426754436364573,4.992593452349865,True,0.828125,1.8950761456725596,0.999721333094319,0.2537210811111158,0.25953081111112575,1.3911493631045406,True,5376.990234375,1.8950761456725596,0.999721333094319,0.08985643510637109,BC,,
benign,0.003184928999985459,0.20767529033333984,1.2395474674809694,True,0.765625,1.7947385471636073,0.9984825911526092,0.2581717864444373,0.26135671544442274,3.703673953675611,True,5376.8779296875,1.7947385471636073,0.9984825911526092,0.0818420995077278,BC,,
benign,0.0018379800000047908,0.13974174333333167,1.8020499241736734,True,0.6875,1.9049089617155135,0.9995952564429944,0.2511671403333303,0.2530051203333351,3.11486713219942,True,5376.7998046875,1.9049089617155135,0.9995952564429944,0.043098277951436836,BC,,
benign,0.0015827889999968647,0.1851299928888908,1.0326822039064183,True,0.625,1.8298470316394024,0.9987268743882355,0.24303280244445583,0.2446155914444527,1.5907669757271938,True,5376.7373046875,1.8298470316394024,0.9987268743882355,0.07072805498648993,BC,,
benign,0.0016093600000317565,0.16067509933333213,1.19303606503114,True,0.546875,1.8815601266517847,0.9997333414394545,0.24789168744443182,0.24950104744446358,0.8599095064670638,True,5376.708984375,1.8815601266517847,0.9997333414394545,0.038577179004169126,BC,,
benign,0.0015077400000222951,0.1953088371111057,0.7313246603584849,True,0.484375,1.815277756560343,0.9992156260886794,0.24602800966667676,0.24753574966669906,0.7608392566499972,True,5376.646484375,1.815277756560343,0.9992156260886794,0.060531163257447895,BC,,
benign,0.001455190000001494,0.14962765284614604,4.848151694491723,True,0.40625,1.902003942883006,0.9998398971156579,0.24937972033332143,0.25083491033332295,1.5965639329008716,True,5376.5185546875,1.902003942883006,0.9998398971156579,0.047093661816418164,BC,,
benign,0.0014725300000009156,0.19464971877777593,1.2331391371606328,True,0.3671875,1.8642994571760554,0.9999721498069559,0.25109910466666935,0.25257163466667026,1.4938189142848999,True,5376.5107421875,1.8642994571760554,0.9999721498069559,0.0497599589176565,BC,,
benign,0.0014763599999696453,0.19052053700000393,1.3231105228088413,True,0.3671875,1.8358738602039484,0.9995107010020232,0.2522416534444447,0.25371801344441436,1.2088598461533666,True,5376.5107421875,1.8358738602039484,0.9995107010020232,0.05629596652231883,BC,,
benign,0.0014965500000130305,0.2010883324444358,1.8002353164330396,True,0.3671875,1.823717998114417,0.999462951303137,0.2507637301111079,0.25226028011112095,3.5062588060688142,True,5376.560546875,1.823717998114417,0.999462951303137,0.06718917938012159,BC,,
benign,0.0015417100000263417,0.1582310131111121,2.4447801590920437,True,0.3671875,1.8901609169765254,0.9997757036809176,0.24405560211112565,0.245597312111152,1.0066710096841993,True,5376.560546875,1.8901609169765254,0.9997757036809176,0.03915075673357249,BC,,
benign,0.0015566200000307617,0.20471803655559345,1.7499194167821412,True,0.3671875,1.8504257235124533,0.9998638132682759,0.24455819966667353,0.2461148196667043,1.1822383998673474,True,5376.560546875,1.8504257235124533,0.9998638132682759,0.03961676503627798,BC,,
benign,0.0015282200000115154,0.18193175423076668,4.921791303341183,True,0.3671875,1.8519402385731913,0.9995871634750596,0.24698524533334876,0.24851346533336027,1.2346434291159762,True,5376.5107421875,1.8519402385731913,0.9995871634750596,0.04638806894191161,BC,,
benign,0.0017216500000358792,0.11847317055555272,1.8579414738954854,True,0.3671875,1.9470482149745971,0.9999823519214079,0.24697316755556484,0.24869481755560072,0.9642585035127783,True,5376.560546875,1.9470482149745971,0.9999823519214079,0.024422527554120776,BC,,
benign,0.0014695300000084899,0.1661862929999845,1.0653313946505594,True,0.3671875,1.8569280646387158,0.9990132127196049,0.24909005666665962,0.2505595866666681,1.5054083741854312,True,5376.560546875,1.8569280646387158,0.9990132127196049,0.09077032173671662,BC,,
benign,0.001525099999980739,0.2802717441111074,2.3722810444597813,True,0.3671875,1.6849225573811257,0.9986552726301708,0.24553897699999855,0.2470640769999793,0.6819977318354621,True,5376.5107421875,1.6849225573811257,0.9986552726301708,0.15132964658616843,BC,,
benign,0.0014858600000025035,0.15051790766665363,3.0916188402939184,True,0.3671875,1.8951537563007907,0.9996462179414385,0.24681363411111257,0.24829949411111507,1.0488595939196372,True,5376.5107421875,1.8951537563007907,0.9996462179414385,0.07586854847929048,BC,,
benign,0.0015371000000072854,0.17269713388889663,1.779513194485939,True,0.3671875,1.8550133161985307,0.9995306937391759,0.24678453277778722,0.2483216327777945,1.4971096145451561,True,5376.5107421875,1.8550133161985307,0.9995306937391759,0.0648829444428134,BC,,
benign,0.0015470690000256582,0.13801372669231043,4.955449841879324,True,0.3671875,1.914041871722578,0.9997676184905784,0.2531890655555521,0.25473613455557775,1.214752229659067,True,5376.5107421875,1.914041871722578,0.9997676184905784,0.0750106914161146,BC,,
benign,0.0015161110000008193,0.13332871311110417,1.396927573169389,True,0.3671875,1.9181785212010232,0.9997603614226834,0.2492976569999933,0.2508137679999941,2.0600429798742086,True,5376.5107421875,1.9181785212010232,0.9997603614226834,0.10321275625891113,BC,,
benign,0.0015720910000140975,0.12031070744445868,1.0832124773981588,True,0.3671875,1.9293816971055011,0.9997710918239605,0.24985170366664988,0.251423794666664,1.2522479452717792,True,5376.560546875,1.9293816971055011,0.9997710918239605,0.07172613888238577,BC,,
benign,0.001801170000021557,0.14602169900000364,0.7969614105267057,True,0.3671875,1.903183764677622,0.9999119412861088,0.2485823713333275,0.25038354133334906,1.4587200799724953,True,5376.5107421875,1.903183764677622,0.9999119412861088,0.040218754446754046,BC,,
benign,0.0015886400000226786,0.17216548611112456,2.1933285021847526,True,0.3671875,1.8856420748824365,0.9999459877669169,0.244084649444441,0.24567328944446368,1.3311547332919036,True,5376.5107421875,1.8856420748824365,0.9999459877669169,0.04357661132902768,BC,,
benign,0.0016587700000059158,0.1556658511111285,1.3643837198983035,True,0.3671875,1.8833744697738661,0.9996490747744762,0.24724524455556698,0.2489040145555729,1.583300639202911,True,5376.5107421875,1.8833744697738661,0.9996490747744762,0.12632834897518141,BC,,
benign,0.0016713100000060876,0.1308702706666812,1.1846540186651398,True,0.3671875,1.9273700985431144,0.9999696690722465,0.24577388888888485,0.24744519888889094,1.5048957243016898,True,5376.5107421875,1.9273700985431144,0.9999696690722465,0.016529127029496715,BC,,
benign,0.0016679599999633865,0.1059635001111019,1.124272145518488,True,0.3671875,1.9516128835714306,0.9999495032882104,0.2474613612222356,0.249129321222199,1.82079208500355,True,5376.5107421875,1.9516128835714306,0.9999495032882104,0.05090328504507635,BC,,
benign,0.001627789999986362,0.1455516466666672,1.0035851950613728,True,0.3671875,1.90530101436414,0.9999100048255466,0.2458194523333456,0.24744724233333196,0.9749296827614009,True,5376.5107421875,1.90530101436414,0.9999100048255466,0.07075276273212205,BC,,
benign,0.0015244599999846287,0.14600153544440925,2.416175507432412,True,0.3671875,1.8928653892327516,0.9995403461574199,0.24932908577778157,0.2508535457777662,3.404129478795966,True,5376.5107421875,1.8928653892327516,0.9995403461574199,0.10580889926962089,BC,,
benign,0.0015070899999614085,0.11692112811110494,1.2200432090701656,True,0.3671875,1.9394476285328344,0.9999470606521621,0.24707372111111503,0.24858081111107644,3.02785921217475,True,5376.560546875,1.9394476285328344,0.9999470606521621,0.04428318154150834,BC,,
benign,0.0014734499999917716,0.15862002255554822,0.8688249816686309,True,0.3671875,1.8726614553323437,0.9994906632872336,0.2472640171111051,0.24873746711109687,3.030367859596562,True,5376.5107421875,1.8726614553323437,0.9994906632872336,0.09366025561221747,BC,,
benign,0.001540809999994508,0.18273986955553786,2.4904464632548007,True,0.3671875,1.8615685327473377,0.9996905710451907,0.2472135160000006,0.2487543259999951,0.8426118342001441,True,5376.5107421875,1.8615685327473377,0.9996905710451907,0.05584620439681176,BC,,
benign,0.0015338000000042484,0.1670545703333346,2.4046259553235796,True,0.3671875,1.8882959903251741,0.9999010723372266,0.24725755811108582,0.24879135811109007,0.6058142991836988,True,5376.5107421875,1.8882959903251741,0.9999010723372266,0.034770091784981805,BC,,
malignant,0.0013861699999893062,0.2717080461111184,2.577882001327109,True,0.3671875,1.687764937562583,0.9981468912709519,0.25514752388888456,0.25653369388887387,1.8472446660293091,True,5376.5107421875,1.687764937562583,0.9981468912709519,0.17511798994086525,BC,,
malignant,0.0017604799999730858,0.21088099255554324,1.7371659762309495,True,0.3671875,1.780651104371822,0.9986002573158986,0.2480430037777776,0.2498034837777507,1.9065483472408624,True,5376.5107421875,1.780651104371822,0.9986002573158986,0.09671182728822147,BC,,
malignant,0.0018586110000455847,0.20897212622220548,1.261778634458446,True,0.3671875,1.801564501924257,0.9993242794911196,0.24767620877777416,0.24953481977781974,3.0973056870869207,True,5376.5107421875,1.801564501924257,0.9993242794911196,0.0774164771266237,BC,,
malignant,0.0020427200000199264,0.17852088277778774,1.4283417415037807,True,0.3671875,1.8409578041163694,0.9990770027230501,0.24660938233332924,0.24865210233334917,1.1082514937603927,True,5376.5107421875,1.8409578041163694,0.9990770027230501,0.07880126841577728,BC,,
malignant,0.0016909689999806687,0.2451565325555723,1.4231455515514584,True,0.3671875,1.7372071558276985,0.9987848573686482,0.24743709111111103,0.2491280601110917,0.7999018334759707,True,5376.5107421875,1.7372071558276985,0.9987848573686482,0.12516326228874153,BC,,
malignant,0.0017610199999467113,0.26957039833334623,1.291055535015874,True,0.3671875,1.724693354365195,0.9994669113924121,0.25404287977774703,0.25580389977769374,3.509030600880341,True,5376.5107421875,1.724693354365195,0.9994669113924121,0.08510535625052462,BC,,
malignant,0.0020043999999757034,0.21459926999995738,1.2480260531712184,True,0.3671875,1.809570937000608,0.9996079078847727,0.2506852647778083,0.252689664777784,0.8770389825024332,True,5376.5107421875,1.809570937000608,0.9996079078847727,0.07757275618374271,BC,,
malignant,0.0017697700000098848,0.2418036699999675,2.609704795902746,True,0.3671875,1.7339599285982938,0.9983027097449865,0.2524852443333303,0.2542550143333402,1.2620550973101516,True,5376.5107421875,1.7339599285982938,0.9983027097449865,0.09397471090462739,BC,,
malignant,0.0017615900000009788,0.24874855655557188,1.0262879199887787,True,0.3671875,1.7709156626460434,0.9993928267608425,0.24483864877779776,0.24660023877779874,1.2981003563802682,True,5376.5107421875,1.7709156626460434,0.9993928267608425,0.13937390548081052,BC,,
malignant,0.0018886899999870366,0.17198574122222807,1.240251974215724,True,0.3671875,1.8473004058996922,0.9992048240137426,0.249330952000024,0.251219642000011,2.8762532612001905,True,5376.5107421875,1.8473004058996922,0.9992048240137426,0.07185437512608162,BC,,
malignant,0.0017126899999766465,0.26584438388892473,1.332490794119843,True,0.3671875,1.6800731469197392,0.9980560729837092,0.24580479655554022,0.24751748655551686,0.9437904809776256,True,5376.560546875,1.6800731469197392,0.9980560729837092,0.15245765046088766,BC,,
malignant,0.001795839999999771,0.2264055468889031,3.150964837538153,True,0.3671875,1.7627428855375835,0.998744971319798,0.24960988188887415,0.2514057218888739,1.036479482860329,True,5376.5107421875,1.7627428855375835,0.998744971319798,0.13845443146341774,BC,,
malignant,0.001953399999990779,0.20679676044442707,1.9348678919167412,True,0.3671875,1.8180749050728564,0.9994229542922518,0.24976952755557452,0.2517229275555653,1.3992151106537745,True,5376.560546875,1.8180749050728564,0.9994229542922518,0.07689469961709006,BC,,
malignant,0.0017072900000130176,0.22963839544442838,2.7037680638873103,True,0.3671875,1.7700005768291531,0.9990657410556576,0.25453587611109973,0.25624316611111275,2.2198006097449383,True,5376.5107421875,1.7700005768291531,0.9990657410556576,0.10525741827149315,BC,,
malignant,0.0016728499999771884,0.16993265522221968,2.196293356220227,True,0.3671875,1.8600937834620244,0.9991167992150041,0.2535958131111076,0.2552686631110848,2.508373069163065,True,5376.560546875,1.8600937834620244,0.9991167992150041,0.13311150342547884,BC,,
malignant,0.001965638999990915,0.13785735900000873,2.9567192698626124,True,0.3671875,1.908556472748956,0.99967679789961,0.25111494966668285,0.25308058866667377,1.4315766996907164,True,5376.5107421875,1.908556472748956,0.99967679789961,0.0866654093449084,BC,,
malignant,0.0017930110000179411,0.1548631885555475,2.322048891424146,True,0.3671875,1.8743639721325964,0.9993647628074904,0.2505035042222264,0.25229651522224433,0.618127029076716,True,5376.5107421875,1.8743639721325964,0.9993647628074904,0.11910822671942434,BC,,
malignant,0.001794920000008915,0.2318498996666752,2.5206362365659922,True,0.3671875,1.76369472774518,0.9992286394031168,0.25299375522222867,0.2547886752222376,1.8212890850600083,True,5376.5107421875,1.76369472774518,0.9992286394031168,0.1220920921292381,BC,,
malignant,0.0019655890000080944,0.12013725211110998,1.2181036474352143,True,0.3671875,1.9282173385068917,0.9997029652161719,0.24840515188890955,0.25037074088891764,1.6754561691014402,True,5376.560546875,1.9282173385068917,0.9997029652161719,0.07509804173595591,BC,,
malignant,0.0016919000000257256,0.3096620329999824,0.9260595384875799,True,0.3671875,1.6141976913376934,0.9986289981048855,0.24458277977777876,0.24627467977780448,3.1399389659028727,True,5376.560546875,1.6141976913376934,0.9986289981048855,0.16954959838507766,BC,,
malignant,0.0017222899999751462,0.16184833888886865,2.0423621236715572,True,0.3671875,1.866175821934573,0.9993817060278497,0.24684621844445095,0.2485685084444261,0.6179671327412418,True,5376.560546875,1.866175821934573,0.9993817060278497,0.1115515555892479,BC,,
malignant,0.0019392699999798424,0.13777576966665744,1.1858474653907027,True,0.3671875,1.898238947027737,0.9994959134270042,0.2457186562222407,0.24765792622222055,1.0161418192459983,True,5376.560546875,1.898238947027737,0.9994959134270042,0.12127792403735094,BC,,
malignant,0.0017518500000051063,0.14388080099999773,0.8110954362232784,True,0.3671875,1.9194949603054234,0.9999716037538885,0.24171355644441267,0.24346540644441778,0.9267662886885167,True,5376.5107421875,1.9194949603054234,0.9999716037538885,0.03256664934618514,BC,,
malignant,0.0019833199999652606,0.27309738866670663,3.7677486407936405,True,0.3671875,1.6967073985845667,0.9983926832880503,0.24563264733334714,0.2476159673333124,0.864115827697644,True,5376.5107421875,1.6967073985845667,0.9983926832880503,0.14949945608764814,BC,,
malignant,0.002013760000011189,0.32797241777777547,0.9379422688523199,True,0.3671875,1.6422148431466326,0.9995058030245522,0.24406013311105804,0.24607389311106923,1.0474851820981024,True,5376.5107421875,1.6422148431466326,0.9995058030245522,0.14516120212813988,BC,,
malignant,0.0017644499999960317,0.19739386266663436,0.8867142981073467,True,0.3671875,1.7979756297667935,0.9984431048970104,0.2420711284443971,0.24383557844439313,1.0775584675090175,True,5376.5107421875,1.7979756297667935,0.9984431048970104,0.09910746779950341,BC,,
benign,0.0058097300000099494,2.752546593444448,1.1473439756155235,,0.3984375,-2.0003195360239605,0.9999992764308129,0.046997558724138674,0.052807288724148624,5.98644763660054,,5376.5654296875,-2.0003195360239605,0.9999992764308129,0.0012909021200373516,GB,0.29885676908099645,0.29885676908099645
benign,0.003184928999985459,2.7318127617778223,0.4626609766302439,,0.3359375,-1.9858710983561199,0.9999896601570728,0.0488677449310248,0.052052673931010256,7.194915389867703,,5376.615234375,-1.9858710983561199,0.9999896601570728,0.006494989555921871,GB,0.7332050780686195,0.7332050780686195
benign,0.0018379800000047908,2.7289688941111256,0.830822997586517,,0.3359375,-2.0036115712062323,0.9999991992467228,0.04311822133331589,0.04495620133332068,4.432745562939427,,5376.615234375,-2.0036115712062323,0.9999991992467228,0.0010210032801829527,GB,0.28651383104478473,0.28651383104478473
benign,0.0015827889999968647,2.7499651986666374,0.5761570558812761,,0.3359375,-1.9992848070110325,0.9999979745927545,0.048749931793124764,0.05033272079312163,8.907177030163766,,5376.5654296875,-1.9992848070110325,0.9999979745927545,0.00230736468281334,GB,0.6139533071871079,0.6139533071871079
benign,0.0016093600000317565,2.7354776682222006,0.727275782910504,,0.3359375,-1.9876059199232625,0.9999909419706468,0.04301362772410608,0.044622987724137836,5.964995287087329,,5376.5654296875,-1.9876059199232625,0.9999909419706468,0.003349429550241645,GB,0.39175950394364184,0.39175950394364184
benign,0.0015077400000222951,2.7023675255555997,0.42863501555866507,,0.3359375,-1.9935555434900678,0.9999968896388122,0.046321565555546035,0.04782930555556833,4.323195033235427,,5376.5654296875,-1.9935555434900678,0.9999968896388122,0.0026113098992219808,GB,0.6331232981883878,0.6331232981883878
benign,0.001455190000001494,2.7439036888889254,0.6848460770704055,,0.3359375,-1.994915884820458,0.9999969749467805,0.05043311624138306,0.05188830624138455,9.743434282440623,,5376.5654296875,-1.994915884820458,0.9999969749467805,0.0005358671064050746,GB,0.3104899760278768,0.3104899760278768
benign,0.0014725300000009156,2.869758377222171,1.3366104533935714,,0.3359375,-1.9871464666962473,0.9999922743327686,0.05331085889654254,0.05478338889654345,10.490128749251966,,5376.615234375,-1.9871464666962473,0.9999922743327686,0.0033687115034193305,GB,0.5151582956922894,0.5151582956922894
benign,0.0014763599999696453,2.7513561828888617,0.7784223098031973,,0.3359375,-1.9933824842319428,0.999997906628596,0.04493837455558807,0.04641473455555772,2.754782058706112,,5376.5654296875,-1.9933824842319428,0.999997906628596,0.0030326379217366917,GB,0.5676647087951148,0.5676647087951148
benign,0.0014965500000130305,2.7344773013333503,0.9858074423595719,,0.3359375,-1.993550434535207,0.9999981609741944,0.045224310222187744,0.046720860222200775,4.132884446329329,,5376.615234375,-1.993550434535207,0.9999981609741944,0.0015898352525232085,GB,0.6307015888995244,0.6307015888995244
benign,0.0015417100000263417,2.7137789539999884,0.47543548502058075,,0.3359375,-1.9928853562542344,0.9999971943169057,0.045260614066683046,0.04680232406670939,4.99263847821897,,5376.5654296875,-1.9928853562542344,0.9999971943169057,0.0024057505972447935,GB,0.3510324491207672,0.3510324491207672
benign,0.0015566200000307617,2.6974649382222093,0.49985462495009525,,0.3359375,-1.992402007655773,0.9999978395992171,0.04468705639997097,0.04624367640000173,4.915899403699185,,5376.5654296875,-1.992402007655773,0.9999978395992171,0.0029496357144389584,GB,0.5504859761148765,0.5504859761148765
benign,0.0015282200000115154,2.720464531333366,0.496764321032516,,0.3359375,-1.979977011097397,0.9999758153918464,0.043436117222250284,0.0449643372222618,2.9644964065972292,,5376.615234375,-1.979977011097397,0.9999758153918464,0.005803110377925913,GB,0.5055873803610993,0.5055873803610993
benign,0.0017216500000358792,2.7035073968889063,0.5385025337315814,,0.3359375,-1.9924404486455638,0.9999967088379719,0.04297211066664709,0.04469376066668297,2.247840527093802,,5376.615234375,-1.9924404486455638,0.9999967088379719,0.0020440745063963206,GB,0.16327159322558402,0.16327159322558402
benign,0.0014695300000084899,2.7086299502222015,0.418329977710222,,0.3359375,-1.994110889348427,0.999997384126872,0.04584657599999947,0.04731610600000796,5.713994303226237,,5376.5654296875,-1.994110889348427,0.999997384126872,0.004360790087766686,GB,0.4328973697843857,0.4328973697843857
benign,0.001525099999980739,2.6950255985555285,0.5277179337269007,,0.3359375,-1.9882569008198054,0.9999945418335704,0.046228486111153363,0.0477535861111341,3.831022559629472,,5376.615234375,-1.9882569008198054,0.9999945418335704,0.007505723655090613,GB,1.5326277634362848,1.5326277634362848
benign,0.0014858600000025035,2.7111805684444334,0.5938039350805752,,0.3359375,-2.000617649618748,0.9999999871104222,0.04767691477779105,0.04916277477779355,4.491340379450794,,5376.5654296875,-2.000617649618748,0.9999999871104222,0.0007130495894993594,GB,0.30357631577511696,0.30357631577511696
benign,0.0015371000000072854,2.701017087444446,0.4932118011487122,,0.3359375,-2.0012478815703254,0.9999999815217605,0.04623574186206465,0.04777284186207194,7.281680321056015,,5376.615234375,-2.0012478815703254,0.9999999815217605,0.0028185213840257184,GB,0.47964559693020964,0.47964559693020964
benign,0.0015470690000256582,2.7024296005555595,0.5476934875195253,,0.3359375,-1.9952362542134208,0.9999981249288606,0.04573554258620099,0.047282611586226646,8.36664652485904,,5376.615234375,-1.9952362542134208,0.9999981249288606,0.0040117244289354925,GB,0.2646937409072821,0.2646937409072821
benign,0.0015161110000008193,2.686688756777787,0.981036429589823,,0.3359375,-1.9998296834816476,0.999999954378188,0.042896164111097174,0.04441227511109799,3.009721875782964,,5376.5654296875,-1.9998296834816476,0.999999954378188,0.0038354534971449805,GB,0.22972977890635937,0.22972977890635937
benign,0.0015720910000140975,2.6917511608888214,0.6457934630542135,,0.3359375,-1.996414395903336,0.9999988542464824,0.04450786877775196,0.04607995977776606,3.876771072238598,,5376.615234375,-1.996414395903336,0.9999988542464824,0.0038277829144823805,GB,0.19055325647565224,0.19055325647565224
benign,0.001801170000021557,2.6971804362221974,0.7821391012264631,,0.3359375,-1.9894532096645374,0.9999943667728709,0.04601103762067772,0.04781220762069928,5.947122830048255,,5376.615234375,-1.9894532096645374,0.9999943667728709,0.003983557308374408,GB,0.32053117340174736,0.32053117340174736
benign,0.0015886400000226786,2.7388834792222445,0.833214810399761,,0.3359375,-1.9962332479403886,0.9999989764884422,0.045544151888937755,0.04713279188896043,4.033315648895795,,5376.5654296875,-1.9962332479403886,0.9999989764884422,0.0013629482036630058,GB,0.39743515275685665,0.39743515275685665
benign,0.0016587700000059158,2.6874865332222524,0.418375393074601,,0.3359375,-2.001372211228794,0.9999998962798489,0.044754884333315204,0.04641365433332112,2.0773696697522284,,5376.615234375,-2.001372211228794,0.9999998962798489,0.0014015048808448949,GB,0.3527980429344806,0.3527980429344806
benign,0.0016713100000060876,2.6902555853333374,0.4138327226552164,,0.3359375,-1.9935733567526825,0.9999975092395237,0.04482485579307712,0.04649616579308321,6.962663052404437,,5376.615234375,-1.9935733567526825,0.9999975092395237,0.0011871446871325464,GB,0.23508474899632945,0.23508474899632945
benign,0.0016679599999633865,2.709544892000041,0.8311101186952824,,0.3359375,-1.9951651195136517,0.999998840290551,0.04575001311109696,0.047417973111060344,4.957749846311404,,5376.5654296875,-1.9951651195136517,0.999998840290551,0.003333047547137369,GB,0.1370957267333918,0.1370957267333918
benign,0.001627789999986362,2.768600833555562,0.7439231981946971,,0.3359375,-1.9990459486872367,0.9999999410817504,0.04586100077777802,0.047488790777764384,4.5130384792992935,,5376.5654296875,-1.9990459486872367,0.9999999410817504,9.92119859855034e-05,GB,0.29603587341627535,0.29603587341627535
benign,0.0015244599999846287,2.702547505222204,0.5405950419368992,,0.3359375,-1.9955031315576943,0.9999971122733271,0.045218009555532665,0.046742469555517294,2.087430128386227,,5376.5654296875,-1.9955031315576943,0.9999971122733271,0.0026005670238076206,GB,0.3102257793550785,0.3102257793550785
benign,0.0015070899999614085,2.7247069597777784,0.9518068940645958,,0.3359375,-1.9987142415325148,0.9999999489711133,0.04996865941379367,0.05147574941375508,10.559529480190353,,5376.5654296875,-1.9987142415325148,0.9999999489711133,0.003459676114664134,GB,0.17124886167444006,0.17124886167444006
benign,0.0014734499999917716,2.7796951573333093,0.9661584466288629,,0.3359375,-1.9932556434202937,0.9999984382960097,0.04892010875861506,0.05039355875860683,7.121621542611467,,5376.615234375,-1.9932556434202937,0.9999984382960097,0.003718577425925629,GB,0.4066623623783044,0.4066623623783044
benign,0.001540809999994508,2.737848383777772,0.9879908814953082,,0.3359375,-1.997276933501636,0.9999991004224669,0.04442862244445678,0.045969432444451286,4.062932997980149,,5376.5654296875,-1.997276933501636,0.9999991004224669,0.0015952824385272457,GB,0.4688492694416868,0.4688492694416868
benign,0.0015338000000042484,2.712250295777747,0.5762607166550257,,0.3359375,-1.9913777809807724,0.9999964614791731,0.045610186999915134,0.04714398699991938,3.4570545398751586,,5376.615234375,-1.9913777809807724,0.9999964614791731,0.0024715611422356787,GB,0.38044252237074366,0.38044252237074366
malignant,0.0013861699999893062,2.7113311136665996,0.7550355768223063,,0.3359375,-1.99367888251478,0.9999977452865578,0.046073928111177845,0.04746009811116715,4.24129354683572,,5376.5654296875,-1.99367888251478,0.9999977452865578,0.005489615586997232,GB,1.236141639182234,1.236141639182234
malignant,0.0017604799999730858,2.694294507222215,0.34110336692254395,,0.3359375,-1.9907356943184786,0.9999956446003233,0.0446680437778721,0.04642852377784518,4.747755033341151,,5376.615234375,-1.9907356943184786,0.9999956446003233,0.005292598094984502,GB,0.9114110063996984,0.9114110063996984
malignant,0.0018586110000455847,2.7193653080000026,0.4784514986293089,,0.3359375,-1.9958819732641215,0.9999989616123577,0.046937442444434256,0.04879605344447984,4.268284529500451,,5376.5654296875,-1.9958819732641215,0.9999989616123577,0.0025720035352960746,GB,0.7794966481967918,0.7794966481967918
malignant,0.0020427200000199264,2.7345928916667313,1.6098995949733557,,0.3359375,-1.9978184258539498,0.9999983155543578,0.0455769254827546,0.047619645482774524,7.163128226211119,,5376.5654296875,-1.9978184258539498,0.9999983155543578,0.0014894435805088424,GB,0.5531049829094002,0.5531049829094002
malignant,0.0016909689999806687,2.6904448204445544,0.7438221436113146,,0.3359375,-1.994572540308282,0.9999997106954752,0.04714580177778771,0.04883677077776838,4.710711513555196,,5376.5654296875,-1.994572540308282,0.9999997106954752,0.0053094948678584775,GB,1.0071842689984478,1.0071842689984478
malignant,0.0017610199999467113,2.684381878999981,0.52158780796077,,0.3359375,-1.9949175729353406,0.9999985601355206,0.042908914111143934,0.044669934111090645,2.52263745290036,,5376.615234375,-1.9949175729353406,0.9999985601355206,0.003701748510542613,GB,1.239636900257751,1.239636900257751
malignant,0.0020043999999757034,2.6810134902221865,0.787437329557973,,0.3359375,-1.983435548772478,0.9999843636719365,0.0455316296896195,0.0475360296895952,5.772437538162803,,5376.615234375,-1.983435548772478,0.9999843636719365,0.006676070029164816,GB,0.7124318847802155,0.7124318847802155
malignant,0.0017697700000098848,2.69841700666671,1.0812274460654168,,0.3359375,-1.9846327038518943,0.9999855284143905,0.044018315222274396,0.04578808522228428,3.496746015612992,,5376.5654296875,-1.9846327038518943,0.9999855284143905,0.00752126980870127,GB,1.120346615488848,1.120346615488848
malignant,0.0017615900000009788,2.6913092490000157,0.603598346024275,,0.3359375,-2.008092975605318,0.9999942635192681,0.04524463455166777,0.04700622455166875,6.000305805834326,,5376.615234375,-2.008092975605318,0.9999942635192681,0.001297272350152312,GB,0.9554610827163385,0.9554610827163385
malignant,0.0018886899999870366,2.7399581197777882,0.5463882466303648,,0.3359375,-1.9957523673299657,0.9999994873958657,0.04566451188894563,0.04755320188893267,4.638908864558579,,5376.615234375,-1.9957523673299657,0.9999994873958657,0.0049004451602523424,GB,0.500938133189977,0.500938133189977
malignant,0.0017126899999766465,2.728205746444372,1.1313397081784071,,0.3359375,-1.9876056344508497,0.9999933252917541,0.04619757400004687,0.04791026400002352,4.940567458444805,,5376.5654296875,-1.9876056344508497,0.9999933252917541,0.01141108758391951,GB,1.255057940476233,1.255057940476233
malignant,0.001795839999999771,2.7133765734444952,0.8203220448545154,,0.3359375,-1.9903421969863702,0.9999942137573974,0.04328690422223897,0.04508274422223874,4.88964403595954,,5376.615234375,-1.9903421969863702,0.9999942137573974,0.008365083065439372,GB,0.881925514473792,0.881925514473792
malignant,0.001953399999990779,2.6850364815555725,0.31844101426981686,,0.3359375,-1.986864153040126,0.9999835705853157,0.04694256277768242,0.0488959627776732,3.7219584831727888,,5376.5654296875,-1.986864153040126,0.9999835705853157,0.006569637446325993,GB,0.6188455987826912,0.6188455987826912
malignant,0.0017072900000130176,2.6980309157778115,0.7370465832535721,,0.3359375,-1.9847468301533047,0.99998828018138,0.043924532172429184,0.0456318221724422,5.046396708880336,,5376.5654296875,-1.9847468301533047,0.99998828018138,0.007749298353556533,GB,0.8816441743297974,0.8816441743297974
malignant,0.0016728499999771884,2.6741354651111475,0.4281130174355609,,0.3359375,-1.9992402749398426,0.999999990808508,0.0437146973846351,0.04538754738461229,4.955559249524551,,5376.5654296875,-1.9992402749398426,0.999999990808508,0.009497005717167939,GB,0.418939777684203,0.418939777684203
malignant,0.001965638999990915,2.6895212983334003,0.43079864522479794,,0.3359375,-2.0014521374710426,0.9999997863435538,0.044280857833326887,0.0462464968333178,4.995188895207644,,5376.5654296875,-2.0014521374710426,0.9999997863435538,0.0003161845885313319,GB,0.2502903467532341,0.2502903467532341
malignant,0.0017930110000179411,2.6762095251110116,0.5047244317052915,,0.3359375,-1.995647350034069,0.9999989032747565,0.04197225111101943,0.04376526211103737,4.00487409296339,,5376.5654296875,-1.995647350034069,0.9999989032747565,0.007187720942130493,GB,0.35590624457357717,0.35590624457357717
malignant,0.001794920000008915,2.6883078260001034,0.36270564703414493,,0.3359375,-1.982560991293651,0.9999839012138685,0.04631297475868356,0.048107894758692475,12.226517918559315,,5376.5654296875,-1.982560991293651,0.9999839012138685,0.012825624880375974,GB,0.9432164197356819,0.9432164197356819
malignant,0.0019655890000080944,2.7495643155554412,0.8021441134046228,,0.3359375,-1.999041407509209,0.999999975548748,0.05058150424145361,0.05254709324146171,8.59003844453481,,5376.615234375,-1.999041407509209,0.999999975548748,0.0009856533394070333,GB,0.17890950476762182,0.17890950476762182
malignant,0.0016919000000257256,2.7561470953333913,0.7409308386204753,,0.3359375,-1.9787813436655306,0.9999716822123706,0.04857204496548893,0.05026394496551465,8.931199450998841,,5376.615234375,-1.9787813436655306,0.9999716822123706,0.014509613023682366,GB,1.8085005689406708,1.8085005689406708
malignant,0.0017222899999751462,2.749112761111115,1.5169645174623145,,0.3359375,-1.9897556756934698,0.999992852278284,0.046707618777822466,0.04842990877779761,3.8878031774326702,,5376.615234375,-1.9897556756934698,0.999992852278284,0.009979281967543052,GB,0.42326765017588847,0.42326765017588847
malignant,0.0019392699999798424,2.7124803620000524,0.695480686948721,,0.3359375,-1.9983099691348116,0.9999999824978382,0.044923800444394146,0.04686307044437399,4.009487043589314,,5376.5654296875,-1.9983099691348116,0.9999999824978382,0.0065642922949480376,GB,0.2898287655778217,0.2898287655778217
malignant,0.0017518500000051063,2.6988276070000614,0.3945403924097257,,0.3359375,-1.994689570449586,0.9999986924516695,0.04794559313787149,0.04969744313787659,9.015512526438775,,5376.5654296875,-1.994689570449586,0.9999986924516695,0.0015749698732903106,GB,0.25881191833566936,0.25881191833566936
malignant,0.0019833199999652606,2.7715612051111345,0.8452769978860112,,0.3359375,-1.989964710026074,0.999994825952342,0.04649021393101818,0.04847353393098344,7.784486867096757,,5376.5654296875,-1.989964710026074,0.999994825952342,0.007242519202163233,GB,1.290927904007834,1.290927904007834
malignant,0.002013760000011189,2.7507976693332745,1.234622128018538,,0.3359375,-1.959702976103055,0.9998854718350473,0.043620941444512736,0.045634701444523924,3.5151102275167037,,5376.5654296875,-1.959702976103055,0.9998854718350473,0.022823888401937387,GB,2.0948562390813152,2.0948562390813152
malignant,0.0017644499999960317,2.7064466500000384,0.7231201260349657,,0.3359375,-1.9998345988650488,0.9999996147568564,0.044468697111066526,0.04623314711106256,2.910880749325604,,5376.615234375,-1.9998345988650488,0.9999996147568564,0.00010673016766360455,GB,0.6573455572245996,0.6573455572245996
benign,,1.0201517101110968,1.0864999896128815,,0.3984375,2.0978504881577003,0.9899421452187007,0.1590582505172404,,38.74227795326773,,413954.541015625,2.0978504881577003,0.9899421452187007,,DBC,,
benign,,1.0189874268888464,1.1551208698771651,,0.3984375,2.2041374080092058,0.9896835688282591,0.15589726651730948,,39.11577475269643,,413954.541015625,2.2041374080092058,0.9896835688282591,,DBC,,
benign,,1.0126757741111052,1.2491610636977968,,0.3984375,2.1359174707377555,0.9926400576222785,0.07197506255543987,,2.122717454515662,,413954.541015625,2.1359174707377555,0.9926400576222785,,DBC,,
benign,,1.0027752165554173,1.1800830437846193,,0.3984375,2.2162513379694984,0.9915235905601477,0.15933235572422214,,37.467687806769845,,413954.541015625,2.2162513379694984,0.9915235905601477,,DBC,,
benign,,1.012892428444401,1.6862646109621091,,0.3984375,2.118121659051632,0.990494114356769,0.07318892933335519,,4.156031331283915,,413954.5888671875,2.118121659051632,0.990494114356769,,DBC,,
benign,,1.0065639608888988,0.7441239527661996,,0.3984375,2.147582535415025,0.9907550053114538,0.15737501168960394,,37.92534991524106,,413954.4931640625,2.147582535415025,0.9907550053114538,,DBC,,
benign,,1.0198539912221856,1.5154686261300911,,0.3984375,2.1068272228196188,0.9924308591978623,0.07395185911107344,,3.6175461976279926,,413954.541015625,2.1068272228196188,0.9924308591978623,,DBC,,
benign,,1.0185941025556025,1.08190281863917,,0.3984375,2.0799576278738763,0.9933917448478862,0.15824182262070374,,37.800607978292405,,413954.541015625,2.0799576278738763,0.9933917448478862,,DBC,,
benign,,1.0224498992222633,1.4068871420124354,,0.3984375,2.1268763609977026,0.9908855287046658,0.0782388493793374,,7.556633018546953,,413954.4931640625,2.1268763609977026,0.9908855287046658,,DBC,,
benign,,1.028139006444538,1.1843343875929588,,0.3984375,2.1086556252207886,0.9914933846357128,0.1594910137241327,,37.67839229699626,,413954.541015625,2.1086556252207886,0.9914933846357128,,DBC,,
benign,,1.0282620810000682,1.3019500273320186,,0.3984375,2.110124326873905,0.99197537240545,0.0760717432758454,,6.2514375339411306,,413954.541015625,2.110124326873905,0.99197537240545,,DBC,,
benign,,1.0177411573333,1.0757905578176197,,0.3984375,2.0858728417181522,0.99371921605145,0.15902571675866872,,37.37936978294879,,413954.541015625,2.0858728417181522,0.99371921605145,,DBC,,
benign,,1.0255697867778002,1.0556433440075104,,0.3984375,2.1295767344528427,0.990421398586856,0.0740009442000428,,4.858405388459235,,413954.541015625,2.1295767344528427,0.990421398586856,,DBC,,
benign,,1.0026153856665587,1.4064955656915081,,0.3984375,2.0409601582016528,0.9934699644286852,0.15761204358621964,,37.625861339240195,,413954.4931640625,2.0409601582016528,0.9934699644286852,,DBC,,
benign,,1.015398222111091,1.3900045548147126,,0.3984375,2.1666938544593917,0.9891857641440788,0.07639305822224035,,2.767125356275514,,413954.4931640625,2.1666938544593917,0.9891857641440788,,DBC,,
benign,,1.0317053631111373,1.3274383153304328,,0.3984375,2.131742085590538,0.992251983542832,0.1668156914827642,,37.57766031934473,,413954.4931640625,2.131742085590538,0.992251983542832,,DBC,,
benign,,1.05851570711113,1.2171515737488925,,0.3984375,2.1143272169058775,0.9904254504134736,0.07481471699995584,,2.4832049347785037,,413954.4931640625,2.1143272169058775,0.9904254504134736,,DBC,,
benign,,1.0260584707777223,1.157338495776839,,0.3984375,2.109804203291487,0.9905592147578062,0.16726791110340855,,37.14734473926677,,413954.541015625,2.109804203291487,0.9905592147578062,,DBC,,
benign,,1.057648983777704,1.9886738804878483,,0.3984375,2.1219326830838017,0.9930729158248174,0.07518319255556587,,4.472960560895328,,413954.4931640625,2.1219326830838017,0.9930729158248174,,DBC,,
benign,,1.0302662896666435,1.1083779551270567,,0.3984375,2.1208221639519134,0.9916767430328997,0.15646266286201918,,38.10889904377272,,413954.541015625,2.1208221639519134,0.9916767430328997,,DBC,,
benign,,1.0193067963333406,1.0545608325110039,,0.3984375,2.098855026497247,0.9908893863133832,0.07355487133327188,,2.013820684689465,,413954.541015625,2.098855026497247,0.9908893863133832,,DBC,,
benign,,1.014546207666677,1.1913759329474864,,0.3984375,2.0550422912562767,0.9928076408831709,0.155273530862046,,38.50301274855036,,413954.541015625,2.0550422912562767,0.9928076408831709,,DBC,,
benign,,1.0158918255554756,0.8513004078358859,,0.3984375,2.0784332275787203,0.9932056119796443,0.07629863279305873,,5.491795616973888,,413954.541015625,2.0784332275787203,0.9932056119796443,,DBC,,
benign,,1.0279173553333547,1.6485281406277346,,0.3984375,2.092114988588267,0.991962872387834,0.15767608565515887,,37.21556478584809,,413954.541015625,2.092114988588267,0.991962872387834,,DBC,,
benign,,1.0180093486666617,1.2634514909464298,,0.3984375,2.066867430536834,0.9924332913724162,0.07297968799994123,,4.900251479750707,,413954.541015625,2.066867430536834,0.9924332913724162,,DBC,,
benign,,1.0242441175556551,1.93700724706556,,0.3984375,2.0474934327559944,0.9937813941126881,0.16263138258611812,,36.99047413373217,,413954.541015625,2.0474934327559944,0.9937813941126881,,DBC,,
benign,,1.0431586963333959,1.6506680384701207,,0.3984375,2.09742304000919,0.9931976945247263,0.07388514166662692,,4.64147223501066,,413954.5888671875,2.09742304000919,0.9931976945247263,,DBC,,
benign,,1.0343774862222845,0.9793473853426117,,0.3984375,2.1273904769916356,0.9907480221773168,0.1598250271034697,,37.47035183144649,,413954.5888671875,2.1273904769916356,0.9907480221773168,,DBC,,
benign,,1.0260521410000871,0.9554512277691363,,0.3984375,2.083950585441462,0.993084644326392,0.07593820355552655,,4.075200248629737,,413954.5888671875,2.083950585441462,0.993084644326392,,DBC,,
benign,,1.0322622317777739,1.160012967744516,,0.3984375,2.1421967412738137,0.9910482696811672,0.16647203420693743,,38.22685546849012,,413954.5888671875,2.1421967412738137,0.9910482696811672,,DBC,,
benign,,1.0523559036667192,1.9239569073012508,,0.3984375,2.103108605763698,0.9915141826883936,0.07334475255558776,,1.8204675446710943,,413954.5888671875,2.103108605763698,0.9915141826883936,,DBC,,
benign,,1.0099287963333963,1.4810512672439582,,0.3984375,2.1016204750967886,0.9919258329695516,0.15742623465521005,,37.67518104062783,,413954.5888671875,2.1016204750967886,0.9919258329695516,,DBC,,
malignant,,1.0219719430000016,0.8602017000342315,,0.3984375,2.141627830016658,0.990602744930101,0.0739705154800322,,4.9891347488811215,,413954.5888671875,2.141627830016658,0.990602744930101,,DBC,,
malignant,,1.0079636075556158,0.7666032854551326,,0.3984375,2.2036806875321684,0.9926671294669613,0.15391489082762275,,37.74295932954574,,413954.5888671875,2.2036806875321684,0.9926671294669613,,DBC,,
malignant,,1.010803694222179,0.809624032834765,,0.3984375,2.162687859761061,0.9928119797552635,0.07004198455554918,,3.701164110677442,,413954.5888671875,2.162687859761061,0.9928119797552635,,DBC,,
malignant,,1.0044875231111392,1.060626356262866,,0.3984375,2.1872166132113837,0.9927798363047421,0.15583993775861268,,37.91960192263072,,413954.541015625,2.1872166132113837,0.9927798363047421,,DBC,,
malignant,,1.011675928666591,0.8199974854638828,,0.3984375,2.120303465989001,0.9910755782417137,0.07540211022220926,,3.3120062427661843,,413954.63671875,2.120303465989001,0.9910755782417137,,DBC,,
malignant,,1.0256806716667295,1.0351589065778737,,0.3984375,2.107802362460312,0.9921040255991481,0.15702535779307475,,38.18076372105486,,413954.5888671875,2.107802362460312,0.9921040255991481,,DBC,,
malignant,,1.0096043786667603,1.164083155654101,,0.3984375,2.113286929520105,0.9923464123341278,0.07368158677773964,,3.049378568530773,,413954.5888671875,2.113286929520105,0.9923464123341278,,DBC,,
malignant,,1.0093891763333178,1.0359332694057577,,0.3984375,2.188452001005153,0.9908084247436837,0.15899266531038125,,37.98438203043301,,413954.541015625,2.188452001005153,0.9908084247436837,,DBC,,
malignant,,1.0204122195556111,1.8653920980204706,,0.3984375,2.144997552220966,0.9927307491779441,0.07795008289656771,,6.108065437988987,,413954.541015625,2.144997552220966,0.9927307491779441,,DBC,,
malignant,,1.0354921437778506,0.9676761383506144,,0.3984375,2.18028526573427,0.9904535006578904,0.15945038658625482,,37.73491408270285,,413954.5888671875,2.18028526573427,0.9904535006578904,,DBC,,
malignant,,1.02818983822221,1.4713942240207376,,0.3984375,2.1413875414705297,0.9908582009316019,0.07671695207689201,,4.843119597621494,,413954.5888671875,2.1413875414705297,0.9908582009316019,,DBC,,
malignant,,1.015727458555476,0.9521985575555043,,0.3984375,2.1045654671121143,0.9911061854938146,0.15931103975852803,,38.05018974522058,,413954.541015625,2.1045654671121143,0.9911061854938146,,DBC,,
malignant,,1.0344137283333719,0.6695679016509786,,0.3984375,2.1334557678834707,0.9902023238236646,0.07456678911118313,,2.866474120003054,,413954.541015625,2.1334557678834707,0.9902023238236646,,DBC,,
malignant,,1.0135108299999855,1.062933674534154,,0.3984375,2.112635519558626,0.9909067434492917,0.17042344720680533,,37.68668342917027,,413954.5888671875,2.112635519558626,0.9909067434492917,,DBC,,
malignant,,1.1003209000001435,1.8095317501237909,,0.3984375,2.1612540020563613,0.9908350028956293,0.0903079946086544,,4.97617954179286,,413954.541015625,2.1612540020563613,0.9908350028956293,,DBC,,
malignant,,1.0944659457777055,2.241632495963061,,0.3984375,2.144947255885354,0.9904676938509326,0.16383573282759056,,37.48625288230058,,413954.5888671875,2.144947255885354,0.9904676938509326,,DBC,,
malignant,,1.041506898111038,1.6566638585047644,,0.3984375,2.118975444669286,0.9900456894746016,0.07636017306896097,,6.26372094654412,,413954.5888671875,2.118975444669286,0.9900456894746016,,DBC,,
malignant,,1.0221740063333427,1.1252198550138108,,0.3984375,2.0861771962750275,0.9917370500895198,0.1665858703103493,,37.49993786878223,,413954.541015625,2.0861771962750275,0.9917370500895198,,DBC,,
malignant,,1.051139677000012,1.6014817021164418,,0.3984375,2.130778446944486,0.9904963041464367,0.07973983311108492,,4.771372475432279,,413954.5888671875,2.130778446944486,0.9904963041464367,,DBC,,
malignant,,1.0407455281111753,1.332781781001856,,0.3984375,2.1135824689619382,0.9911084586333342,0.16513908479304645,,37.49325414363586,,413954.541015625,2.1135824689619382,0.9911084586333342,,DBC,,
malignant,,1.0242964605556861,1.4280915945607162,,0.3984375,2.111320110418307,0.9921059563479665,0.07465121766674404,,2.661651719536116,,413954.63671875,2.111320110418307,0.9921059563479665,,DBC,,
malignant,,1.025439730555667,1.0860660043011123,,0.3984375,2.1301593783361996,0.9918004754051898,0.16504324510336527,,36.545726965815824,,413954.5888671875,2.1301593783361996,0.9918004754051898,,DBC,,
malignant,,1.0379928393332294,1.3919325788790893,,0.3984375,2.036649282349126,0.994360876401364,0.07416690956514409,,4.942046895945337,,413954.541015625,2.036649282349126,0.994360876401364,,DBC,,
malignant,,1.012989286444685,1.3172211138327636,,0.3984375,2.146262848307586,0.9916002289050913,0.16043791624144496,,37.850519383269045,,413954.5888671875,2.146262848307586,0.9916002289050913,,DBC,,
malignant,,1.0368133671110829,1.2102947596133766,,0.3984375,2.1120228097268248,0.9931318147538042,0.07675235568964628,,8.190011234662553,,413954.5888671875,2.1120228097268248,0.9931318147538042,,DBC,,
malignant,,1.0580176823332295,1.470137189984221,,0.3984375,2.1791107508969394,0.988790431821388,0.16435117268959182,,37.55847878694608,,413954.5888671875,2.1791107508969394,0.988790431821388,,DBC,,
benign,,0.4307097286207173,6.199188094708416,,1.359375,0.6069788903058553,0.9858245320216944,0.3097853323792904,,7.102353384627194,,1.265625,0.6069788903058553,0.9858245320216944,,BM,,
benign,,0.42858203896547165,7.534662418953437,,1.359375,0.7057516984212459,0.964038135550092,0.31361964927584957,,6.8884845649577375,,1.265625,0.7057516984212459,0.964038135550092,,BM,,
benign,,0.4136389943332688,4.919884190774025,,1.359375,0.5507264728971828,0.9959512172593429,0.3263251941034155,,8.819583838578824,,1.265625,0.5507264728971828,0.9959512172593429,,BM,,
benign,,0.4187733854442841,3.044912841068529,,1.359375,0.655562922779358,0.9786168795131108,0.31716345675864305,,8.82382121634222,,1.265625,0.655562922779358,0.9786168795131108,,BM,,
benign,,0.4336657358620681,6.772875384027991,,1.359375,0.5676718806892868,0.980310076439676,0.34113052027595553,,7.158900247116587,,1.265625,0.5676718806892868,0.980310076439676,,BM,,
benign,,0.4598669106206467,9.37804151144319,,1.359375,0.5987439900599986,0.9779350066643123,0.33528972203444496,,8.733330515689529,,1.265625,0.5987439900599986,0.9779350066643123,,BM,,
benign,,0.42961151482757426,7.329423436986931,,1.359375,0.5314381240905282,0.9965958385994648,0.3029486369999898,,7.814323505382563,,1.265625,0.5314381240905282,0.9965958385994648,,BM,,
benign,,0.4007623071001035,4.867750211565097,,1.359375,0.45743125599137685,0.9952900479246446,0.3080198414827778,,5.8070018811409625,,1.265625,0.45743125599137685,0.9952900479246446,,BM,,
benign,,0.4082439022221378,4.569064018634708,,1.359375,0.5928922893308796,0.9839766118547092,0.3188501763103792,,7.9283276138749335,,1.265625,0.5928922893308796,0.9839766118547092,,BM,,
benign,,0.4147155641109445,3.9113290162267003,,1.359375,0.5673490310758946,0.9899295426249012,0.30256201055534704,,4.848439939016415,,1.265625,0.5673490310758946,0.9899295426249012,,BM,,
benign,,0.4022748561999833,4.890564238461625,,1.359375,0.5153454512474236,0.9905173273133921,0.30337283175858515,,5.919301629076692,,1.265625,0.5153454512474236,0.9905173273133921,,BM,,
benign,,0.4314993979656594,8.760107526217626,,1.359375,0.407716118512407,0.9930878962220331,0.34383703866660653,,4.1060155304661405,,1.265625,0.407716118512407,0.9930878962220331,,BM,,
benign,,0.4582497550343697,7.310448508014479,,1.359375,0.6098043162457777,0.9829764044996882,0.3474175923792841,,11.950042128562538,,1.265625,0.6098043162457777,0.9829764044996882,,BM,,
benign,,0.4522801755861894,7.513140637257301,,1.359375,0.3677614818798921,0.9897651312593516,0.3341274477240937,,11.011009316651869,,1.265625,0.3677614818798921,0.9897651312593516,,BM,,
benign,,0.4431200398274964,8.480040864121774,,1.359375,0.6859238604141997,0.9721338793774028,0.3420817797587006,,9.555646373965736,,1.265625,0.6859238604141997,0.9721338793774028,,BM,,
benign,,0.44918423320688877,8.719065257071405,,1.359375,0.5550102600764375,0.9912712398438358,0.3102385850689361,,8.08030097569759,,1.265625,0.5550102600764375,0.9912712398438358,,BM,,
benign,,0.4335854328276049,5.714848964280447,,1.359375,0.6114537495491379,0.9883152822840073,0.30591700279302164,,7.169940919627224,,1.265625,0.6114537495491379,0.9883152822840073,,BM,,
benign,,0.43353472034486285,7.300221344032046,,1.359375,0.5864160078477891,0.9889576672831198,0.3088130132068257,,7.866685553488489,,1.265625,0.5864160078477891,0.9889576672831198,,BM,,
benign,,0.41630201720017795,4.98811702130972,,1.359375,0.5268870235429653,0.9960102784690671,0.3033542753102728,,6.92011016679442,,1.265625,0.5268870235429653,0.9960102784690671,,BM,,
benign,,0.39008569255545605,2.1603329154023485,,1.359375,0.5852064279436847,0.9925805075377495,0.3025097624825729,,9.576609546467612,,1.265625,0.5852064279436847,0.9925805075377495,,BM,,
benign,,0.4074176407587182,5.68932612170996,,1.359375,0.5527601402420633,0.9939008010403326,0.29411216913784555,,6.717176405592634,,1.265625,0.5527601402420633,0.9939008010403326,,BM,,
benign,,0.3932973112221387,4.084472525541838,,1.359375,0.4083678596877689,0.9880304401552487,0.29102728855549587,,4.8940968169345584,,1.265625,0.4083678596877689,0.9880304401552487,,BM,,
benign,,0.40230793130003806,4.975729451977938,,1.359375,0.420308442699897,0.9909450120652653,0.29955760027593803,,8.282934969081936,,1.265625,0.420308442699897,0.9909450120652653,,BM,,
benign,,0.3872199157779808,2.828696312192094,,1.359375,0.5161786616047869,0.9915773056234211,0.2818896854441846,,4.001173759885149,,1.265625,0.5161786616047869,0.9915773056234211,,BM,,
benign,,0.38622680743474513,4.994655572176155,,1.359375,0.4356342230938551,0.9912970109519788,0.2905108784443655,,4.343890665414572,,1.265625,0.4356342230938551,0.9912970109519788,,BM,,
benign,,0.3885197777779265,4.272588836619406,,1.359375,0.3645366925986831,0.9973571421093197,0.296322693310403,,5.0209050290434885,,1.265625,0.3645366925986831,0.9973571421093197,,BM,,
benign,,0.3938679345557021,3.902150440320315,,1.359375,0.4398570745944797,0.9916216332403536,0.29297777288896515,,4.138413701535798,,1.265625,0.4398570745944797,0.9916216332403536,,BM,,
benign,,0.38554281430774257,4.893692809805566,,1.359375,0.5752619699939231,0.9837339603213137,0.2948367281668804,,4.913902248523258,,1.265625,0.5752619699939231,0.9837339603213137,,BM,,
benign,,0.4155595915861591,6.4379028043020465,,1.359375,0.5042776067833835,0.9935687008558941,0.3035248332068696,,6.167524886845007,,1.265625,0.5042776067833835,0.9935687008558941,,BM,,
benign,,0.4078701863331844,4.845380694318866,,1.359375,0.5824557104865546,0.9845198314108727,0.3086614513447722,,9.30477945049633,,1.265625,0.5824557104865546,0.9845198314108727,,BM,,
benign,,0.40278838866672434,4.293638045038188,,1.359375,0.5490752876833314,0.9930097343990438,0.30253331822213014,,2.568747001580874,,1.265625,0.5490752876833314,0.9930097343990438,,BM,,
benign,,0.43257742624126844,5.512372209577158,,1.359375,0.499492287256441,0.9890345153836835,0.34549952393100003,,12.846885864831878,,1.265625,0.499492287256441,0.9890345153836835,,BM,,
malignant,,0.4086342565555646,4.082661601241184,,1.359375,0.632938147577816,0.9836088525852574,0.33156364468962646,,9.22775210428665,,1.265625,0.632938147577816,0.9836088525852574,,BM,,
malignant,,0.41930433479313345,5.7335912168565155,,1.359375,0.5984359393102492,0.9767168053921822,0.30248496493104854,,8.044287982775518,,1.265625,0.5984359393102492,0.9767168053921822,,BM,,
malignant,,0.3919097613334088,4.15935416311948,,1.359375,0.5588594493021305,0.9887444638285755,0.2797033226665917,,4.926244248616705,,1.265625,0.5588594493021305,0.9887444638285755,,BM,,
malignant,,0.4011854190689989,5.710184023006899,,1.359375,0.5921393137206816,0.981791790783248,0.27922906977791073,,4.127174786107659,,1.265625,0.5921393137206816,0.981791790783248,,BM,,
malignant,,0.38053951571412525,4.898702362447387,,1.359375,0.6870031335545769,0.9753104866000599,0.28807405475865755,,6.596248068205401,,1.265625,0.6870031335545769,0.9753104866000599,,BM,,
malignant,,0.3886646377855608,4.991935554761079,,1.359375,0.5706057777961683,0.9926175219149643,0.2972027091723405,,7.1103966056317995,,1.265625,0.5706057777961683,0.9926175219149643,,BM,,
malignant,,0.3937706644445724,3.0390509061404116,,1.359375,0.5468435678539663,0.9920368582332311,0.2920023379310178,,6.176763005586571,,1.265625,0.5468435678539663,0.9920368582332311,,BM,,
malignant,,0.39956803011096376,3.4971150842164205,,1.359375,0.6703834502099579,0.9682586425131346,0.29816311527586015,,8.137661836316983,,1.265625,0.6703834502099579,0.9682586425131346,,BM,,
malignant,,0.40036242127587623,6.010541232137583,,1.359375,0.6072643911318,0.9945224418068358,0.2832969493792289,,6.226241353815652,,1.265625,0.6072643911318,0.9945224418068358,,BM,,
malignant,,0.39561341031044167,7.073483847930973,,1.359375,0.653822475109638,0.9738700571902101,0.28585401755572093,,3.094296382268936,,1.265625,0.653822475109638,0.9738700571902101,,BM,,
malignant,,0.3931307811112169,4.3847284258977,,1.359375,0.6804840190444184,0.9838466030200577,0.28828227924137095,,5.869306607837905,,1.265625,0.6804840190444184,0.9838466030200577,,BM,,
malignant,,0.4051622874443031,4.621959664492996,,1.359375,0.5816406611849619,0.9858762926527409,0.31354771355171546,,7.390162111253956,,1.265625,0.5816406611849619,0.9858762926527409,,BM,,
malignant,,0.40210311055539527,3.605877966505517,,1.359375,0.6706002363837132,0.9845236768925626,0.3597807999654394,,9.916003240893636,,1.265625,0.6706002363837132,0.9845236768925626,,BM,,
malignant,,0.48162406644832084,7.035897589094728,,1.359375,0.6265347648357016,0.9871676641640366,0.34334314320679776,,8.25088235036338,,1.265625,0.6265347648357016,0.9871676641640366,,BM,,
malignant,,0.45488322700002126,6.096364950748148,,1.359375,0.6689199845185034,0.9801658461475511,0.34212614644823997,,9.94510455663478,,1.265625,0.6689199845185034,0.9801658461475511,,BM,,
malignant,,0.39586700410535214,4.966753613211758,,1.359375,0.6455123431915244,0.9860310953631702,0.29479113020700204,,7.060451087928373,,1.265625,0.6455123431915244,0.9860310953631702,,BM,,
malignant,,0.4141928540688994,5.885240950042923,,1.359375,0.6105905297903542,0.9804310640348406,0.3021482743102312,,7.1736250623877975,,1.265625,0.6105905297903542,0.9804310640348406,,BM,,
malignant,,0.38933177299996813,3.8934672303819173,,1.359375,0.5306019534589127,0.992134452352402,0.3074241617002372,,4.917640756524644,,1.265625,0.5306019534589127,0.992134452352402,,BM,,
malignant,,0.39502284548268957,5.955911889947458,,1.359375,0.639400322285127,0.9860755689305585,0.28576119727589183,,8.593848654003589,,1.265625,0.639400322285127,0.9860755689305585,,BM,,
malignant,,0.38012739678561047,4.839985595437917,,1.359375,0.6310667105756629,0.9858259918575183,0.2936274072412587,,7.633186321444425,,1.265625,0.6310667105756629,0.9858259918575183,,BM,,
malignant,,0.39312901755561647,3.1656341646773334,,1.359375,0.5427004872005804,0.9902003195917507,0.290477481555475,,4.4629457395835335,,1.265625,0.5427004872005804,0.9902003195917507,,BM,,
malignant,,0.378733315333496,4.156446684759699,,1.359375,0.6176480791813601,0.9874517637711239,0.28569597266646773,,3.8515965079201657,,1.265625,0.6176480791813601,0.9874517637711239,,BM,,
malignant,,0.3805988810001711,2.664932226298319,,1.359375,0.388241657904502,0.9957068084965283,0.29142413822228264,,4.398318092642409,,1.265625,0.388241657904502,0.9957068084965283,,BM,,
malignant,,0.3903695076665422,4.365388485182272,,1.359375,0.632671049577949,0.9914880968785593,0.29518011366680086,,4.009422278436606,,1.265625,0.632671049577949,0.9914880968785593,,BM,,
malignant,,0.3902039854445118,3.049905845561065,,1.359375,0.512887755727597,0.996787769058478,0.2959184130908067,,4.969522399887305,,1.265625,0.512887755727597,0.996787769058478,,BM,,
malignant,,0.3861973032222118,2.8062338044947217,,1.359375,0.742693891821638,0.9728104405044963,0.29088349266668145,,3.6912357656507924,,1.265625,0.742693891821638,0.9728104405044963,,BM,,
